Date/Time,Word Count,en,zh-Hans
2026.02.03-16.22.59,119,119,0
2026.02.03-16.52.18,169,169,0
2026.02.03-17.01.07,152,152,0
2026.02.03-17.09.49,134,134,132
2026.02.03-17.14.01,132,132,132
2026.02.03-21.12.33,132,132,124
2026.02.03-21.13.52,132,132,132
2026.02.14-22.35.37,187,187,132
2026.02.14-22.40.05,187,187,187
2026.03.03-11.59.48,247,247,181
2026.03.04-10.02.37,249,249,181
2026.03.04-10.08.06,391,391,247
2026.03.04-10.15.55,381,381,352
2026.03.05-10.45.28,393,393,352
2026.03.05-10.49.41,393,393,364
2026.04.12-22.53.14,679,679,343
2026.04.12-23.05.46,679,679,643
2026.04.12-23.07.55,709,709,643
2026.04.12-23.10.37,709,709,673
2026.04.13-14.30.18,718,718,673
2026.04.13-14.32.07,718,718,687
2026.04.13-15.06.16,737,737,687
2026.04.13-15.09.30,737,737,706
2026.04.13-15.18.05,737,737,704
2026.04.13-15.31.52,738,738,706
2026.05.03-17.55.25,978,978,678
2026.05.03-18.01.17,978,978,735
2026.05.03-20.36.44,978,978,720
2026.05.03-20.41.23,978,978,740
2026.05.03-20.53.55,975,975,743
2026.05.03-21.26.10,952,952,503
2026.05.03-21.40.05,952,952,950
